City_ID,City,Country,Lat,Lng,Max Temp,Humidity,Cloudiness,Wind Speed,Current Description
0,Navahrudak,BY,53.6,25.8333,40.96,71,31,7.96,scattered clouds
1,Busselton,AU,-33.65,115.3333,53.49,66,0,12.28,clear sky
2,Ancud,CL,-41.8697,-73.8203,53.56,92,84,12.33,broken clouds
3,Bluff,NZ,-46.6,168.3333,60.8,81,84,7.49,broken clouds
4,Hobart,AU,-42.8794,147.3294,48.06,95,75,5.75,light intensity shower rain
5,Jamestown,US,42.097,-79.2353,62.53,54,0,5.99,clear sky
6,Matam,SN,15.6175,-13.3303,96.66,15,12,7.05,few clouds
7,Ponta Do Sol,PT,32.6667,-17.1,64.0,75,51,4.27,broken clouds
8,Laguna,US,38.421,-121.4238,77.43,40,0,13.8,clear sky
9,Ariquemes,BR,-9.9133,-63.0408,76.01,85,39,3.36,scattered clouds
10,Yar-Sale,RU,66.8333,70.8333,14.09,82,23,12.41,few clouds
11,Tuktoyaktuk,CA,69.4541,-133.0374,26.6,93,100,19.57,light snow
12,Navirai,BR,-23.065,-54.1906,64.36,82,96,3.76,overcast clouds
13,Puerto Ayora,EC,-0.7393,-90.3518,75.16,87,100,8.72,overcast clouds
14,Mount Gambier,AU,-37.8333,140.7667,47.26,90,73,6.13,broken clouds
15,Port Alfred,ZA,-33.5906,26.891,71.78,47,1,5.91,clear sky
16,Ushuaia,AR,-54.8,-68.3,46.06,66,75,2.3,light intensity drizzle
17,Axim,GH,4.8699,-2.2405,80.78,85,43,7.29,scattered clouds
18,Clyde River,CA,70.4692,-68.5914,25.03,68,0,3.44,clear sky
19,Touros,BR,-5.1989,-35.4608,77.25,90,100,10.65,overcast clouds
20,Ribeira Grande,PT,38.5167,-28.7,63.66,85,99,26.4,light rain
21,Bartlesville,US,36.7473,-95.9808,61.18,88,100,5.75,light rain
22,Bengkulu,ID,-3.8004,102.2655,75.54,88,97,3.85,overcast clouds
23,Rikitea,PF,-23.1203,-134.9692,78.08,82,37,16.17,light rain
24,Saint-Philippe,RE,-21.3585,55.7679,74.79,86,76,15.35,light rain
25,Saskylakh,RU,71.9167,114.0833,25.05,83,100,14.05,overcast clouds
26,New Norfolk,AU,-42.7826,147.0587,47.7,90,100,3.13,heavy intensity rain
27,Severo-Kurilsk,RU,50.6789,156.125,35.58,84,25,6.49,scattered clouds
28,Zhenjiang,CN,32.2092,119.4342,65.8,83,17,1.01,few clouds
29,Cape Town,ZA,-33.9258,18.4232,59.11,88,9,4.16,clear sky
30,Provideniya,RU,64.3833,-173.3,32.36,80,75,4.47,broken clouds
31,Tiksi,RU,71.6872,128.8694,11.07,93,63,5.14,broken clouds
32,Barrow,US,71.2906,-156.7887,15.82,79,100,17.27,overcast clouds
33,Kapaa,US,22.0752,-159.319,80.58,77,100,12.66,overcast clouds
34,Iskateley,RU,67.6803,53.1512,16.77,88,96,9.4,overcast clouds
35,Riyadh,SA,24.6877,46.7219,87.94,16,70,12.08,broken clouds
36,Tuatapere,NZ,-46.1333,167.6833,57.31,77,56,4.14,broken clouds
37,Punta Arenas,CL,-53.15,-70.9167,44.71,81,40,31.07,light intensity shower rain
38,Am Timan,TD,11.0297,20.2827,86.68,49,49,9.66,scattered clouds
39,Hermanus,ZA,-34.4187,19.2345,59.86,93,9,7.18,clear sky
40,Lazarev,RU,52.225,141.5131,34.57,98,100,15.61,light snow
41,Nieuw Amsterdam,SR,5.8833,-55.0833,84.22,79,20,6.91,few clouds
42,Nelson Bay,AU,-32.7167,152.15,62.01,80,59,1.99,broken clouds
43,Yellowknife,CA,62.456,-114.3525,55.92,47,75,10.36,broken clouds
44,Mataura,NZ,-46.1927,168.8643,60.48,74,67,2.55,broken clouds
45,Chitral,PK,35.8462,71.7858,63.07,66,75,1.99,broken clouds
46,Coronel Fabriciano,BR,-19.5186,-42.6289,73.44,100,0,5.75,clear sky
47,Santa Cruz Cabralia,BR,-16.2781,-39.0247,80.83,83,0,8.05,clear sky
48,Hilo,US,19.7297,-155.09,84.27,93,100,6.91,overcast clouds
49,Esperance,AU,-33.8667,121.9,55.18,72,19,8.03,few clouds
50,Salalah,OM,17.0151,54.0924,82.49,89,40,3.44,scattered clouds
51,Albany,US,42.6001,-73.9662,67.35,39,100,1.01,overcast clouds
52,Kahului,US,20.8947,-156.47,80.96,74,40,20.71,scattered clouds
53,Znamenskoye,RU,57.1281,73.8282,47.25,56,57,7.0,broken clouds
54,Pathein,MM,16.7833,94.7333,79.79,76,17,4.74,few clouds
55,Avera,US,33.194,-82.5271,89.11,37,12,4.92,few clouds
56,Koster,ZA,-25.863,26.8976,53.85,44,1,2.8,clear sky
57,Ust-Kuyga,RU,70.0167,135.6,19.9,88,100,3.53,overcast clouds
58,Birin,NP,26.8865,88.0718,60.26,80,91,2.95,overcast clouds
59,Port Elizabeth,ZA,-33.918,25.5701,64.31,56,0,6.91,clear sky
60,Upernavik,GL,72.7868,-56.1549,11.52,89,50,6.08,scattered clouds
61,Aljezur,PT,37.3191,-8.8033,59.0,84,57,7.36,broken clouds
62,Casper,US,42.8666,-106.3131,69.73,35,0,17.27,clear sky
63,Butaritari,KI,3.0707,172.7902,82.33,69,72,17.87,broken clouds
64,Deputatskiy,RU,69.3,139.9,23.2,94,100,2.15,overcast clouds
65,Svolvaer,NO,68.2342,14.5683,42.49,74,100,27.69,overcast clouds
66,Motril,ES,36.7507,-3.5179,63.27,89,0,3.67,clear sky
67,Vardo,NO,70.3705,31.1107,34.05,93,89,19.35,overcast clouds
68,Acurenam,GQ,1.0322,10.6488,69.33,99,100,1.19,moderate rain
69,Mar Del Plata,AR,-38.0023,-57.5575,64.87,67,0,10.36,clear sky
70,Maniitsoq,GL,65.4167,-52.9,28.35,71,1,3.71,clear sky
71,Acarau,BR,-2.8856,-40.12,78.01,87,45,11.07,scattered clouds
72,Vermilion,US,40.1667,-87.7506,56.55,94,100,9.22,overcast clouds
73,Kesinga,IN,20.2,83.2333,82.49,64,6,4.41,clear sky
74,Vaini,TO,-21.2,-175.2,80.76,78,40,3.44,scattered clouds
75,Monrovia,LR,6.3005,-10.7969,80.44,82,90,5.95,overcast clouds
76,Roald,NO,62.5833,6.1333,51.12,66,100,9.22,overcast clouds
77,Quime,BO,-16.9833,-67.2167,52.41,86,33,3.15,scattered clouds
78,Sao Filipe,CV,14.8961,-24.4956,73.09,79,31,5.46,scattered clouds
79,Dimbokro,CI,6.6451,-4.7048,76.6,83,63,3.02,broken clouds
80,Bonavista,CA,48.6499,-53.1147,40.12,96,100,14.56,light rain
81,Dikson,RU,73.5069,80.5464,17.82,93,100,22.57,light snow
82,Dourados,BR,-22.2211,-54.8056,64.67,71,95,5.75,overcast clouds
83,Fairbanks,US,64.8378,-147.7164,53.94,60,75,8.05,light intensity shower rain
84,Etchoropo,MX,26.7667,-109.6667,95.41,39,0,12.08,clear sky
85,Mahebourg,MU,-20.4081,57.7,76.24,88,75,17.27,light intensity shower rain
86,Faanui,PF,-16.4833,-151.75,81.34,72,83,7.54,broken clouds
87,Lagoa,PT,39.05,-27.9833,62.15,86,100,27.34,overcast clouds
88,Solnechnyy,RU,50.7214,136.6319,38.41,95,100,5.37,overcast clouds
89,Dekar,BW,-21.5333,21.9333,60.75,35,0,3.31,clear sky
90,Bathsheba,BB,13.2167,-59.5167,81.21,78,20,17.27,few clouds
91,Bethel,US,41.3712,-73.414,70.36,36,0,9.22,clear sky
92,Ilulissat,GL,69.2167,-51.1,24.82,54,0,11.5,clear sky
93,Valparaiso,CL,-33.0393,-71.6273,59.23,84,100,6.91,mist
94,Paraiba Do Sul,BR,-22.1619,-43.2928,68.92,82,5,3.11,clear sky
95,Khandyga,RU,62.6667,135.6,32.13,98,100,8.48,snow
96,Vilhena,BR,-12.7406,-60.1458,75.42,64,0,9.22,clear sky
97,Atuona,PF,-9.8,-139.0333,79.12,78,100,14.32,overcast clouds
98,Russkaya Polyana,UA,49.417,31.9201,44.13,73,6,6.67,clear sky
99,Port Macquarie,AU,-31.4333,152.9167,64.89,84,80,10.04,broken clouds
100,Zlobin,HR,45.2924,14.6541,51.15,71,0,2.3,clear sky
101,Bredasdorp,ZA,-34.5322,20.0403,57.63,93,16,4.61,few clouds
102,Aasiaat,GL,68.7098,-52.8699,17.96,83,26,5.3,scattered clouds
103,Mayumba,GA,-3.432,10.6554,78.44,93,93,3.71,light rain
104,Airai,TL,-8.9266,125.4092,59.72,92,51,2.8,broken clouds
105,Mayskiy,RU,47.6931,40.1025,51.21,46,100,16.53,overcast clouds
106,Marakkanam,IN,12.2,79.95,84.4,78,94,9.28,overcast clouds
107,Pouebo,NC,-20.4,164.5667,78.31,74,18,8.41,few clouds
108,Duluth,US,46.7833,-92.1066,65.07,49,0,11.5,clear sky
109,Azad Shahr,IR,34.7909,48.5707,48.69,71,20,4.61,few clouds
110,Hokitika,NZ,-42.7167,170.9667,58.69,78,0,2.59,clear sky
111,Katobu,ID,-4.9408,122.5276,75.2,92,99,2.44,overcast clouds
112,Birao,CF,10.2849,22.7882,83.28,55,66,6.42,broken clouds
113,Narsaq,GL,60.9167,-46.05,37.62,86,100,7.02,light rain
114,Kavieng,PG,-2.5744,150.7967,84.58,74,87,13.44,overcast clouds
115,Thompson,CA,55.7435,-97.8558,37.56,93,100,5.75,overcast clouds
116,Coruripe,BR,-10.1256,-36.1756,78.13,81,3,9.26,clear sky
117,Yumen,CN,40.2833,97.2,57.87,25,100,22.35,overcast clouds
118,Pevek,RU,69.7008,170.3133,27.48,92,98,7.16,overcast clouds
119,Puerto Guzman,CO,0.9703,-76.5858,70.84,100,100,2.28,moderate rain
120,Ouesso,CG,1.6136,16.0517,69.69,99,100,1.72,light rain
121,Banda Aceh,ID,5.5577,95.3222,78.8,85,98,13.73,light rain
122,Weiser,US,44.251,-116.9693,70.0,49,100,11.01,light rain
123,Itarema,BR,-2.9248,-39.9167,77.2,89,66,10.27,broken clouds
124,Aklavik,CA,68.2191,-135.0107,26.6,80,100,10.36,overcast clouds
125,Capitan Bado,PY,-23.2667,-55.5333,63.72,80,100,4.36,overcast clouds
126,Naduvattam,IN,11.4833,76.5667,57.47,83,100,3.65,overcast clouds
127,Hithadhoo,MV,-0.6,73.0833,84.04,74,100,15.77,heavy intensity rain
128,Yancheng,CN,33.3856,120.1253,58.84,96,85,7.31,overcast clouds
129,Talcahuano,CL,-36.7167,-73.1167,55.08,94,100,3.44,mist
130,Viedma,AR,-40.8135,-62.9967,60.71,58,73,6.64,broken clouds
131,East London,ZA,-33.0153,27.9116,71.38,45,0,5.93,clear sky
132,Pokhara,NP,28.2333,83.9833,67.01,86,82,3.62,broken clouds
133,Black Forest,US,39.0131,-104.7008,65.34,33,0,14.0,clear sky
134,Carnarvon,AU,-24.8667,113.6333,60.87,51,0,9.22,clear sky
135,Chuy,UY,-33.6971,-53.4616,57.74,78,89,5.86,overcast clouds
136,Port Lincoln,AU,-34.7333,135.8667,56.03,55,94,8.99,moderate rain
137,Macau,MO,22.2006,113.5461,75.0,88,40,8.05,scattered clouds
138,Verkhnevilyuysk,RU,63.4453,120.3167,30.61,96,100,4.32,snow
139,Olafsvik,IS,64.8945,-23.7142,37.17,80,80,16.44,broken clouds
140,Qaanaaq,GL,77.484,-69.3632,17.06,80,5,5.46,clear sky
141,Jiuquan,CN,39.7432,98.5174,55.49,29,80,4.65,broken clouds
142,Texarkana,US,33.4251,-94.0477,68.23,91,40,18.01,scattered clouds
143,Tura,IN,25.5198,90.2201,68.59,91,2,3.71,clear sky
144,Iqaluit,CA,63.7506,-68.5145,20.7,67,20,20.0,few clouds
145,Lasa,IT,46.6166,10.7002,48.36,95,100,1.99,overcast clouds
146,Kodiak,US,57.79,-152.4072,45.91,76,100,16.11,overcast clouds
147,Nanortalik,GL,60.1432,-45.2371,33.67,90,100,12.17,light snow
148,Balabac,PH,7.9868,117.0645,82.51,81,76,12.59,broken clouds
149,Maarianhamina,AX,60.0973,19.9348,40.86,87,0,3.44,clear sky
150,Mackay,AU,-21.15,149.2,76.68,89,21,4.65,few clouds
151,Pangkalanbuun,ID,-2.6833,111.6167,73.44,98,40,1.81,scattered clouds
152,Bayir,TR,37.2687,28.2167,59.52,57,0,7.14,clear sky
153,Stephanskirchen,DE,47.8595,12.1528,57.43,77,100,2.35,light rain
154,Buala,SB,-8.145,159.5921,83.98,71,32,7.02,scattered clouds
155,Dali,CN,25.7,100.1833,56.41,82,64,2.26,broken clouds
156,Faya,SA,18.3851,42.4509,68.11,38,53,3.2,broken clouds
157,Okhotsk,RU,59.3833,143.3,31.08,93,98,7.18,overcast clouds
158,Ondangwa,NA,-17.9167,15.95,53.6,37,0,2.3,clear sky
159,Victoria,HK,22.2855,114.1577,77.18,82,9,5.99,clear sky
160,Helsinki,FI,60.1695,24.9355,43.97,69,0,2.3,light rain
161,Panama City,PA,8.9936,-79.5197,80.17,90,75,6.91,broken clouds
162,Shahrud,IR,36.4182,54.9763,65.52,45,100,5.19,overcast clouds
163,Fare,PF,-16.7,-151.0167,81.43,75,30,8.19,scattered clouds
164,Vestmannaeyjar,IS,63.4427,-20.2734,41.72,62,76,26.19,broken clouds
165,Zelenoborskiy,RU,66.845,32.3622,33.31,99,100,7.54,snow
166,Bud,US,39.447,-86.1758,57.74,96,100,11.34,overcast clouds
167,Salinas,US,36.6777,-121.6555,79.0,54,0,11.5,clear sky
168,Tambura,SS,5.6,27.4667,72.59,80,99,1.1,overcast clouds
169,Walvis Bay,NA,-22.9575,14.5053,65.35,68,0,5.75,clear sky
170,Dallas,US,32.7668,-96.7836,78.69,65,20,19.57,few clouds
171,Guerrero Negro,MX,27.9769,-114.0611,70.54,59,3,16.51,clear sky
172,Amahai,ID,-3.3333,128.9167,79.11,86,99,3.49,overcast clouds
173,Hamilton,US,39.1834,-84.5333,61.43,89,100,8.05,moderate rain
174,Korem,ET,12.5058,39.5228,59.22,39,10,2.77,clear sky
175,Sinaloa,MX,25.0,-107.5,91.11,44,0,7.0,clear sky
176,Banfora,BF,10.6333,-4.7667,88.0,44,60,3.67,broken clouds
177,Avarua,CK,-21.2078,-159.775,82.45,74,40,5.75,scattered clouds
178,Hambantota,LK,6.1241,81.1185,80.94,82,97,16.33,overcast clouds
179,Sao Joao Da Barra,BR,-21.6403,-41.0511,74.28,83,60,3.6,broken clouds
180,San Francisco,US,37.7749,-122.4194,75.47,58,100,12.66,overcast clouds
181,Thunder Bay,CA,48.4001,-89.3168,51.78,43,20,12.66,few clouds
182,Waddan,LY,29.1614,16.139,78.82,13,2,19.77,clear sky
183,Klaksvik,FO,62.2266,-6.589,47.32,96,100,20.24,light rain
184,Payo,ID,-3.7508,103.6372,72.41,98,74,1.99,broken clouds
185,Pisco,PE,-13.7,-76.2167,68.05,77,0,19.57,clear sky
186,Vila Franca Do Campo,PT,37.7167,-25.4333,67.19,81,100,13.82,overcast clouds
187,Arraial Do Cabo,BR,-22.9661,-42.0278,75.16,78,20,17.27,few clouds
188,Longyearbyen,SJ,78.2186,15.6401,22.84,80,75,3.44,broken clouds
189,Ketchikan,US,55.3422,-131.6461,50.47,57,40,3.44,scattered clouds
190,Hasaki,JP,35.7333,140.8333,66.29,72,100,9.26,overcast clouds
191,Juba,SS,4.8517,31.5825,76.5,67,44,4.43,scattered clouds
192,San Quintin,MX,30.4833,-115.95,67.89,68,1,15.48,clear sky
193,Tasiilaq,GL,65.6145,-37.6368,26.76,76,48,3.87,scattered clouds
194,Thyboron,DK,56.6985,8.2124,46.09,84,71,14.05,broken clouds
195,Ulaangom,MN,49.9811,92.0667,42.42,31,100,1.03,overcast clouds
196,Belyy Yar,RU,53.6039,91.3903,30.09,74,83,0.0,broken clouds
197,Luderitz,NA,-26.6481,15.1594,63.59,61,0,6.73,clear sky
198,Bubaque,GW,11.2833,-15.8333,78.85,68,1,11.54,clear sky
199,Torbay,CA,47.6666,-52.7314,43.75,92,100,4.61,light rain
200,Nouakchott,MR,18.0858,-15.9785,69.73,67,0,15.5,clear sky
201,Tingi,TZ,-11.3,35.0333,59.34,89,15,2.91,few clouds
202,Dakar,SN,14.6937,-17.4441,72.48,94,0,13.8,clear sky
203,Ortakoy,TR,38.7373,34.0387,43.05,86,67,6.76,broken clouds
204,Japura,ID,-0.3167,102.35,74.1,95,100,2.19,overcast clouds
205,Chimbote,PE,-9.0853,-78.5783,66.76,83,28,8.3,scattered clouds
206,Jumla,NP,29.2747,82.1838,53.89,90,86,1.3,overcast clouds
207,Saldanha,ZA,-33.0117,17.9442,55.45,95,41,6.76,scattered clouds
208,Codrington,AU,-38.2667,141.9667,47.05,87,52,4.03,broken clouds
209,Verkhoyansk,RU,67.5447,133.385,26.24,92,100,3.44,overcast clouds
210,Flinders,AU,-34.5833,150.8552,55.38,64,0,5.99,clear sky
211,Ongandjera,NA,-17.8833,15.0667,68.7,33,0,7.83,clear sky
212,Kulhudhuffushi,MV,6.6221,73.07,82.72,75,100,8.05,heavy intensity rain
213,Cidreira,BR,-30.1811,-50.2056,64.15,70,46,7.36,scattered clouds
214,Geraldton,AU,-28.7667,114.6,57.61,47,0,16.11,clear sky
215,Jamame,SO,0.0722,42.7506,76.17,93,76,5.66,broken clouds
216,Te Anau,NZ,-45.4167,167.7167,54.75,84,36,1.57,scattered clouds
217,Saint George,US,37.1041,-113.5841,88.63,14,0,11.5,clear sky
218,Uong Bi,VN,21.0333,106.7833,73.38,78,6,1.72,clear sky
219,Gat,IL,31.61,34.7642,63.28,100,56,14.67,broken clouds
220,Hutang,CN,31.5333,119.4833,61.68,94,0,4.47,clear sky
221,Tabas,IR,33.5959,56.9244,84.42,17,99,9.22,overcast clouds
222,Itoman,JP,26.1247,127.6694,73.42,96,75,4.61,broken clouds
223,Wanning,CN,18.8003,110.3967,76.46,91,80,4.12,broken clouds
224,Namibe,AO,-15.1961,12.1522,78.94,52,3,2.3,clear sky
225,Lebu,CL,-37.6167,-73.65,55.29,80,34,5.68,scattered clouds
226,Yarada,IN,17.65,83.2667,80.92,78,75,2.3,mist
227,Huarmey,PE,-10.0681,-78.1522,69.21,79,54,9.75,broken clouds
228,Kaitangata,NZ,-46.2817,169.8464,57.15,72,91,3.31,overcast clouds
229,Salamiyah,SY,35.0113,37.0532,55.0,81,57,15.93,broken clouds
230,Ituporanga,BR,-27.4144,-49.6025,58.06,87,0,2.37,clear sky
231,Lorengau,PG,-2.0226,147.2712,83.23,78,61,5.46,broken clouds
232,Mehamn,NO,71.0357,27.8492,32.95,91,100,11.45,light snow
233,Fukue,JP,32.6881,128.8419,65.25,86,79,13.85,broken clouds
234,Tchollire,CM,8.4022,14.1698,80.42,57,100,2.1,overcast clouds
235,Castro,BR,-24.7911,-50.0119,58.78,87,87,3.04,overcast clouds
236,Santa Cruz,BO,-17.8,-63.1667,73.45,40,0,3.44,clear sky
237,Sept-Iles,CA,50.2001,-66.3821,44.06,44,20,17.27,few clouds
238,Gobabis,NA,-22.45,18.9667,58.39,39,0,10.76,clear sky
239,Nhulunbuy,AU,-12.2333,136.7667,83.01,78,40,6.91,scattered clouds
240,Kuching,MY,1.55,110.3333,77.22,94,20,2.3,few clouds
241,Sorong,ID,-0.8833,131.25,79.2,85,91,5.1,overcast clouds
242,Butka,RU,56.7179,63.7866,42.78,83,99,9.89,light rain
243,Naze,JP,28.3667,129.4833,67.12,93,100,7.09,overcast clouds
244,Batemans Bay,AU,-35.7167,150.1833,47.35,70,0,5.97,clear sky
245,Cabo San Lucas,MX,22.8909,-109.9124,83.61,53,0,8.05,clear sky
246,Coquimbo,CL,-29.9533,-71.3436,59.16,83,91,6.08,overcast clouds
247,Verkhniy Mamon,RU,50.1635,40.3832,41.22,64,95,9.33,overcast clouds
248,Georgetown,MY,5.4112,100.3354,82.33,92,20,3.44,few clouds
249,Bambous Virieux,MU,-20.3428,57.7575,76.21,88,75,17.27,light intensity shower rain
250,Bobcaygeon,CA,44.5462,-78.542,59.88,56,99,5.99,overcast clouds
251,Isangel,VU,-19.55,169.2667,79.74,72,3,10.27,clear sky
252,Puerto Leguizamo,CO,-0.1934,-74.7819,71.65,99,100,1.03,overcast clouds
253,Hofn,IS,64.2539,-15.2082,41.86,76,82,18.84,broken clouds
254,Kruisfontein,ZA,-34.0033,24.7314,62.87,54,3,5.61,clear sky
255,Broome,US,42.2506,-75.833,65.17,35,0,5.75,clear sky
256,Belica,BG,41.9569,23.5725,45.25,88,53,3.31,broken clouds
257,Gedo,ET,9.0167,37.45,56.8,35,79,2.28,broken clouds
258,Okahandja,NA,-21.9833,16.9167,59.31,34,0,8.84,clear sky
259,Sikonge,TZ,-5.6333,32.7667,65.7,71,77,6.29,broken clouds
260,Garowe,SO,8.4054,48.4845,83.05,63,2,12.86,clear sky
261,Berlevag,NO,70.8578,29.0864,33.6,87,100,13.0,light snow
262,Port-Gentil,GA,-0.7193,8.7815,82.36,89,75,3.44,thunderstorm
263,Brainerd,US,46.358,-94.2008,66.49,30,0,4.61,clear sky
264,San Cristobal,VE,7.7669,-72.225,77.18,80,100,4.29,overcast clouds
265,Opuwo,NA,-18.0607,13.84,64.33,37,0,7.94,clear sky
266,Tabora,TZ,-5.0167,32.8,69.01,63,97,6.93,overcast clouds
267,Waipawa,NZ,-41.4122,175.5153,58.98,76,6,1.9,clear sky
268,Fort Nelson,CA,58.8053,-122.7002,54.99,24,75,5.75,shower rain
269,Boca Do Acre,BR,-8.7522,-67.3978,79.84,69,97,1.21,overcast clouds
270,Mahibadhoo,MV,3.7833,72.9667,82.56,77,100,10.98,overcast clouds
271,Ambon,ID,-3.6954,128.1814,77.14,94,40,4.61,scattered clouds
272,Cherskiy,RU,68.75,161.3,33.4,98,92,5.03,overcast clouds
273,Naryan-Mar,RU,67.6713,53.087,16.97,88,96,9.48,overcast clouds
274,Necochea,AR,-38.5473,-58.7368,58.91,66,77,9.6,broken clouds
275,Taoudenni,ML,22.6783,-3.9836,91.26,11,40,10.83,scattered clouds
276,Oktyabrskiy,RU,54.4815,53.471,33.1,73,10,12.91,clear sky
277,Sinnamary,GF,5.3833,-52.95,78.51,88,85,8.63,overcast clouds
278,Burgos,ES,42.3394,-3.7079,48.61,87,36,10.36,scattered clouds
279,Dingle,PH,10.9995,122.6711,77.94,87,80,6.76,broken clouds
280,Bulgan,MN,48.8125,103.5347,35.37,39,100,4.54,overcast clouds
281,Tessalit,ML,20.1986,1.0114,93.47,15,100,7.72,overcast clouds
282,Trinidad,BO,-14.8333,-64.9,80.58,41,2,3.44,clear sky
283,Cayenne,GF,4.9333,-52.3333,79.09,1,75,3.44,broken clouds
284,Kautokeino,NO,69.0125,23.0412,27.82,94,64,7.78,broken clouds
285,Masallatah,LY,32.6167,14.0,74.35,34,79,24.0,broken clouds
286,Camana,PE,-16.6228,-72.7111,69.26,80,10,7.83,clear sky
287,Yulara,AU,-25.2406,130.9889,42.64,65,10,8.05,clear sky
288,Pemba,MZ,-12.974,40.5178,77.7,83,75,5.75,broken clouds
289,Port Blair,IN,11.6667,92.75,82.54,76,99,6.55,overcast clouds
290,Ritchie,ZA,-29.038,24.6028,51.01,33,0,5.39,clear sky
291,Oranjemund,NA,-28.55,16.4333,57.47,88,0,0.67,clear sky
292,Puerto Escondido,MX,15.85,-97.0667,86.83,62,0,9.22,clear sky
293,Qom,IR,34.6401,50.8764,67.1,53,46,4.34,scattered clouds
294,Olympia,US,47.0379,-122.9007,52.83,93,100,11.5,moderate rain
295,San Patricio,US,28.017,-97.5169,89.69,59,76,17.0,broken clouds
296,Bowen,AU,-20.0167,148.2333,73.36,87,4,4.68,clear sky
297,Muros,ES,42.7762,-9.0603,59.09,77,6,10.04,clear sky
298,Gamba,GA,-2.65,10.0,78.15,93,88,5.1,overcast clouds
299,Sandwick,GB,60.0,-1.25,49.82,100,100,14.97,moderate rain
300,Soyo,AO,-6.1349,12.3689,78.49,86,93,7.63,overcast clouds
301,Tezu,IN,27.9167,96.1667,69.13,78,6,4.27,clear sky
302,Palmer,US,42.1584,-72.3287,69.66,28,75,3.0,broken clouds
303,Yinchuan,CN,38.4681,106.2731,57.38,28,85,14.58,overcast clouds
304,Lagunas,PE,-5.2269,-75.6753,75.87,78,97,2.08,overcast clouds
305,Mana,GF,5.6592,-53.7767,78.31,87,95,7.4,overcast clouds
306,Iracoubo,GF,5.4802,-53.2011,78.66,87,98,8.57,overcast clouds
307,Bacalar,MX,18.6667,-88.3833,87.91,66,40,17.27,scattered clouds
308,Mujiayingzi,CN,42.1167,118.7833,46.06,41,76,12.8,broken clouds
309,Bolec,RS,44.7247,20.6033,61.52,65,60,5.75,light rain
310,Athabasca,CA,54.7169,-113.2854,68.41,45,100,11.9,overcast clouds
311,Cabedelo,BR,-6.9811,-34.8339,77.67,80,99,12.59,overcast clouds
312,Loukhi,RU,66.0764,33.0381,34.12,98,100,8.63,snow
313,Pangody,RU,65.85,74.4859,5.94,96,9,5.06,clear sky
314,Charyshskoye,RU,51.3978,83.5598,47.21,68,23,4.14,few clouds
315,Port Hueneme,US,34.1478,-119.1951,84.06,71,75,9.22,broken clouds
316,Krasnoarmeysk,RU,51.0239,45.6969,39.97,58,98,11.34,overcast clouds
317,Vilyuysk,RU,63.7553,121.6247,29.52,91,100,4.05,overcast clouds
318,San Andres,CO,12.5847,-81.7006,84.22,79,100,8.05,overcast clouds
319,Concordia,AR,-31.393,-58.0209,63.79,84,93,4.07,overcast clouds
320,Khatanga,RU,71.9667,102.5,23.65,84,55,15.75,broken clouds
321,Sitka,US,57.0531,-135.33,44.49,76,100,5.75,moderate rain
322,Kaeo,NZ,-35.1,173.7833,64.33,89,65,8.37,broken clouds
323,Rabo De Peixe,PT,37.8,-25.5833,66.27,70,40,14.97,scattered clouds
324,Alugan,PH,12.2188,125.4808,80.69,83,99,7.94,overcast clouds
325,Windsor,CA,42.3001,-83.0165,61.14,78,20,9.22,few clouds
326,Silawit,PH,16.8789,121.7564,75.18,85,17,3.06,few clouds
327,Hay River,CA,60.8156,-115.7999,49.98,40,75,11.5,broken clouds
328,Nikolskoye,RU,59.7035,30.7861,46.29,64,96,6.6,overcast clouds
329,San Carlos De Bariloche,AR,-41.1456,-71.3082,51.55,66,40,13.8,scattered clouds
330,Broken Hill,AU,-31.95,141.4333,42.51,87,1,3.44,clear sky
331,Norman Wells,CA,65.282,-126.8329,39.24,60,75,16.11,broken clouds
332,Kavaratti,IN,10.5669,72.642,84.7,73,100,12.28,overcast clouds
333,Aksu,CN,41.1231,80.2644,73.29,23,94,5.32,overcast clouds
334,Umm Kaddadah,SD,13.6017,26.6876,88.11,14,44,21.79,scattered clouds
335,Kulevcha,UA,46.0303,29.9361,49.05,59,5,8.41,clear sky
336,Buzovna,AZ,40.5179,50.1139,59.09,63,0,18.41,clear sky
337,Wheeling,US,42.1392,-87.929,55.0,87,100,9.22,light rain
338,Kathmandu,NP,27.7167,85.3167,66.42,88,75,2.3,broken clouds
339,Chupa,RU,66.27,33.0549,34.83,98,100,8.61,snow
340,Atherton,GB,53.5237,-2.4935,56.75,84,57,1.43,broken clouds
341,Conde,BR,-7.2597,-34.9075,76.46,94,75,2.3,broken clouds
342,Quatre Cocos,MU,-20.2078,57.7625,76.08,82,45,21.34,light rain
343,Kalengwa,ZM,-13.4659,25.0027,59.63,75,19,5.12,few clouds
344,Wembley,AU,-31.9333,115.8,56.08,59,0,13.8,clear sky
345,Manawar,IN,22.2333,75.0833,88.14,28,0,13.91,clear sky
346,Bilibino,RU,68.0546,166.4372,32.25,96,100,2.21,overcast clouds
347,Bijar,IR,35.8668,47.6051,48.83,59,0,3.2,clear sky
348,Banff,CA,51.1762,-115.5698,61.83,36,97,5.75,overcast clouds
349,Lulea,SE,65.5842,22.1547,42.87,61,49,3.44,scattered clouds
350,Bandarbeyla,SO,9.4942,50.8122,80.74,89,1,8.9,clear sky
351,Skovorodino,RU,53.9833,123.9167,33.49,60,96,6.44,overcast clouds
352,Mamallapuram,IN,12.6264,80.1722,86.05,80,39,9.42,scattered clouds
353,Ekibastuz,KZ,51.6667,75.3667,54.05,75,8,10.13,clear sky
354,Arkhipo-Osipovka,RU,44.37,38.52,50.23,89,100,12.39,overcast clouds
355,Rawson,AR,-43.3002,-65.1023,62.76,47,75,8.37,broken clouds
356,Chokurdakh,RU,70.6333,147.9167,23.2,94,100,8.28,overcast clouds
357,Auki,SB,-8.7676,160.7034,82.71,70,10,3.0,clear sky
358,Jacareacanga,BR,-6.2222,-57.7528,74.84,97,25,2.15,heavy intensity rain
359,Barmer,IN,25.75,71.3833,82.94,37,19,10.25,few clouds
360,Charters Towers,AU,-20.1,146.2667,72.01,62,0,6.93,clear sky
361,Sharya,RU,58.3686,45.5144,30.47,72,28,5.59,scattered clouds
362,Bella Vista,US,36.4295,-94.2316,63.5,97,100,10.36,mist
363,Craig,US,40.5153,-107.5464,64.35,32,0,10.63,clear sky
364,Talnakh,RU,69.4865,88.3972,15.21,94,99,9.01,overcast clouds
365,Northam,GB,51.0333,-4.2167,52.61,90,53,5.48,broken clouds
366,Zhangjiakou,CN,40.81,114.8794,48.51,46,98,13.22,overcast clouds
367,Nikel,RU,69.4128,30.222,32.18,98,100,9.17,light snow
368,Inhambane,MZ,-23.865,35.3833,68.7,91,1,5.82,clear sky
369,Lompoc,US,34.6391,-120.4579,83.7,71,0,18.41,clear sky
370,San Policarpo,PH,12.1791,125.5072,81.28,81,97,8.5,overcast clouds
371,Athens,GR,37.9795,23.7162,64.18,66,20,4.0,few clouds
372,Piedade,BR,-23.7119,-47.4278,58.73,92,96,5.46,overcast clouds
373,Zapadnaya Dvina,RU,56.259,32.0745,38.84,69,96,4.76,overcast clouds
374,Lavrentiya,RU,65.5833,-171.0,22.78,75,10,1.48,clear sky
375,Yeppoon,AU,-23.1333,150.7333,73.18,88,8,6.85,clear sky
376,Tecoanapa,MX,16.5167,-98.75,85.26,55,100,10.42,overcast clouds
377,Iquitos,PE,-3.7481,-73.2472,77.04,88,75,3.44,broken clouds
378,Batagay-Alyta,RU,67.8006,130.4114,14.7,86,83,3.89,broken clouds
379,Puerto Del Rosario,ES,28.5004,-13.8627,65.95,72,0,13.8,clear sky
380,Ostrovnoy,RU,68.0531,39.5131,19.44,82,8,13.29,clear sky
381,Baykalovo,RU,57.3981,63.7684,44.67,89,100,17.45,light rain
382,Samarai,PG,-10.6167,150.6667,82.87,77,74,8.79,broken clouds
383,Hovd,MN,48.0056,91.6419,49.3,25,86,2.08,overcast clouds
384,Boende,CD,-0.2167,20.8667,72.05,99,100,2.26,light rain
385,Lanzhou,CN,36.0564,103.7922,65.12,39,14,3.85,few clouds
386,Warri,NG,5.5167,5.75,78.24,91,87,3.27,overcast clouds
387,Rongcheng,CN,30.634,117.8517,66.78,68,0,3.33,clear sky
388,Lata,PT,40.1629,-8.3327,55.02,83,3,0.34,clear sky
389,Debre Sina,ET,9.85,39.7667,54.34,43,7,3.29,clear sky
390,Ambam,CM,2.3833,11.2833,70.5,99,100,1.81,moderate rain
391,Sonoita,MX,31.85,-112.8333,91.58,8,0,9.84,clear sky
392,Nome,US,64.5011,-165.4064,39.16,80,0,9.22,clear sky
393,Katsuura,JP,35.1333,140.3,66.34,70,100,7.76,overcast clouds
394,Sangin,AF,32.0728,64.8359,72.91,17,0,4.74,clear sky
395,Gizo,SB,-8.103,156.8419,84.11,70,72,5.28,broken clouds
396,Zyryanovsk,KZ,49.7386,84.2719,50.99,69,100,1.39,overcast clouds
397,Saint-Augustin,CA,51.226,-58.6502,40.98,60,97,11.16,overcast clouds
398,Mpika,ZM,-11.8343,31.4529,55.6,94,69,3.71,broken clouds
399,Otane,NZ,-39.8833,176.6333,59.02,66,0,0.65,clear sky
400,Siuna,NI,13.7332,-84.7773,78.22,92,86,3.44,overcast clouds
401,Crib Point,AU,-38.35,145.2,49.64,87,54,15.84,broken clouds
402,Changde,CN,29.0464,111.6783,69.06,72,82,4.61,broken clouds
403,Los Llanos De Aridane,ES,28.6585,-17.9182,62.35,81,100,12.66,overcast clouds
404,Dunedin,NZ,-45.8742,170.5036,62.06,63,61,2.55,broken clouds
405,Saquarema,BR,-22.92,-42.5103,75.34,80,14,14.07,few clouds
406,Kibaya,TZ,-5.3,36.5667,58.6,90,67,4.97,broken clouds
407,Arrecife,ES,28.963,-13.5477,66.18,77,20,16.11,few clouds
408,Polson,US,47.6936,-114.1632,65.21,45,100,0.6,overcast clouds
409,Poum,NC,-20.2333,164.0167,78.89,73,67,10.18,broken clouds
410,Graham,US,47.0529,-122.2943,52.03,87,0,9.22,light intensity drizzle
411,Coihaique,CL,-45.5752,-72.0662,45.21,70,40,3.44,scattered clouds
412,Obera,AR,-27.4871,-55.1199,57.34,97,0,2.59,clear sky
413,North Bend,US,43.4065,-124.2243,59.23,96,100,18.41,mist
414,Tual,ID,-5.6667,132.75,84.92,71,77,15.3,broken clouds
415,Eldorado,BR,-23.7869,-54.2836,66.07,77,89,2.86,overcast clouds
416,Sao Felix Do Xingu,BR,-6.6447,-51.995,73.02,97,52,1.66,broken clouds
417,Christchurch,NZ,-43.5333,172.6333,59.0,81,7,4.61,clear sky
418,Byron Bay,AU,-28.65,153.6167,69.94,88,100,8.68,overcast clouds
419,Igarka,RU,67.4667,86.5833,11.97,94,19,9.44,few clouds
420,Muscatine,US,41.4667,-91.1335,57.38,75,100,8.05,overcast clouds
421,Koslan,RU,63.4564,48.8989,23.99,91,73,3.42,broken clouds
422,Mayya,RU,61.7333,130.2811,34.92,74,32,9.19,scattered clouds
423,Melendugno,IT,40.2747,18.3368,55.49,100,0,4.61,clear sky
424,Izhmorskiy,RU,56.194,86.6414,39.9,59,15,3.65,few clouds
425,Bama,NG,11.5221,13.6856,92.44,30,97,6.44,overcast clouds
426,Mangrol,IN,21.1167,70.1167,80.47,79,0,10.94,clear sky
427,Sioux Lookout,CA,50.1001,-91.917,62.67,34,20,3.44,few clouds
428,Alofi,NU,-19.0595,-169.9187,82.29,69,40,10.36,scattered clouds
429,Caravelas,BR,-17.7125,-39.2481,79.54,82,0,12.53,clear sky
430,Dogondoutchi,NE,13.6393,4.0287,88.99,41,99,12.15,overcast clouds
431,Pochutla,MX,15.7432,-96.4661,87.82,44,37,6.91,scattered clouds
432,Benicarlo,ES,40.4165,0.4271,65.25,63,2,9.22,clear sky
433,Karachi,PK,24.9056,67.0822,80.42,78,0,5.75,smoke
434,Tevaitoa,PF,-16.7833,-151.5,81.54,72,79,8.52,broken clouds
435,Dashitou,CN,43.3067,128.5114,49.44,77,100,14.88,light rain
436,Koping,SE,59.514,15.9926,49.93,84,19,4.5,few clouds
437,Acari,PE,-15.4311,-74.6158,69.93,82,20,5.35,few clouds
438,Sunland Park,US,31.7965,-106.58,87.35,16,0,13.0,clear sky
439,Huai Thalaeng,TH,14.997,102.6475,84.27,79,100,5.19,overcast clouds
440,Richards Bay,ZA,-28.783,32.0377,65.43,94,1,7.14,clear sky
441,Leningradskiy,RU,69.3833,178.4167,18.21,91,56,5.7,broken clouds
442,Mwene-Ditu,CD,-7.0,23.45,66.02,85,83,3.49,broken clouds
443,Triunfo,BR,-29.9433,-51.7181,59.77,77,73,3.24,broken clouds
444,Zhigansk,RU,66.7697,123.3711,20.62,88,30,4.97,scattered clouds
445,Sadiqabad,PK,28.3062,70.1307,87.55,28,14,7.2,few clouds
446,Ola,RU,59.5833,151.2833,30.15,94,100,10.96,light snow
447,Sao Jose Da Coroa Grande,BR,-8.8978,-35.1478,78.8,82,100,9.22,overcast clouds
448,Orcopampa,PE,-15.2661,-72.3417,50.92,60,26,3.06,scattered clouds
449,Pangnirtung,CA,66.1451,-65.7125,14.0,85,0,3.44,clear sky
450,Narasannapeta,IN,18.4167,84.05,80.64,90,56,4.9,broken clouds
451,Bela,IN,25.9333,81.9833,83.48,44,0,6.24,clear sky
452,Strezhevoy,RU,60.7333,77.5889,37.74,94,100,10.6,overcast clouds
453,Nerja,ES,36.7585,-3.8873,60.94,70,1,5.99,clear sky
454,Balakhta,RU,55.38,91.6,42.76,50,74,2.73,broken clouds
455,Meulaboh,ID,4.1363,96.1285,76.08,95,100,6.24,heavy intensity rain
456,Kununurra,AU,-15.7667,128.7333,76.98,36,7,8.05,clear sky
457,Fayaoue,NC,-20.65,166.5333,78.04,75,0,16.78,clear sky
458,College,US,64.8569,-147.8028,53.92,64,75,8.05,light intensity shower rain
459,Plettenberg Bay,ZA,-34.0527,23.3716,62.51,69,8,4.76,clear sky
460,Half Moon Bay,US,37.4636,-122.4286,76.87,47,0,17.27,haze
461,Huaicheng,CN,23.9051,112.1931,70.79,81,98,0.92,overcast clouds
462,Ambulu,ID,-8.345,113.6058,75.83,91,53,2.39,broken clouds
463,Darnah,LY,32.767,22.6367,60.37,81,0,0.51,clear sky
464,Kenai,US,60.5544,-151.2583,55.49,81,100,14.97,moderate rain
465,Ravar,IR,31.2656,56.8055,76.64,21,77,7.29,broken clouds
466,Cancun,MX,21.1743,-86.8466,86.05,70,75,14.97,broken clouds
467,Westport,US,41.1415,-73.3579,71.62,37,0,8.05,clear sky
468,Grand Gaube,MU,-20.0064,57.6608,76.37,82,13,11.01,few clouds
469,Escuintla,GT,14.305,-90.785,93.88,81,100,2.08,overcast clouds
470,Mattru,SL,7.6244,-11.8332,74.71,95,30,8.97,heavy intensity rain
471,Almaznyy,RU,48.0448,40.045,44.87,54,100,14.9,overcast clouds
472,Aykhal,RU,66.0,111.5,31.32,89,100,14.7,overcast clouds
473,Roma,US,43.2128,-75.4557,62.74,43,0,9.22,clear sky
474,Marsa Matruh,EG,31.3525,27.2453,62.8,82,0,9.22,clear sky
475,Syracuse,IT,37.0881,15.2792,63.77,83,43,12.62,light rain
476,Sorland,NO,67.667,12.6934,40.73,76,100,28.25,overcast clouds
477,Taiyuan,CN,37.8694,112.5603,66.06,59,0,6.71,clear sky
478,Adrar,MR,20.5022,-10.0711,82.58,17,72,11.52,broken clouds
479,Frutal,BR,-20.0247,-48.9406,62.04,50,0,1.9,clear sky
480,Sisimiut,GL,66.9395,-53.6735,25.38,69,2,6.58,clear sky
481,Cienfuegos,CU,22.1461,-80.4356,84.34,65,43,5.75,scattered clouds
482,Omsukchan,RU,62.5333,155.8,31.08,81,100,9.55,overcast clouds
483,Praia Da Vitoria,PT,38.7333,-27.0667,63.75,88,40,19.13,scattered clouds
484,Port Hedland,AU,-20.3167,118.5667,68.05,52,0,9.22,clear sky
485,Shimoda,JP,34.6667,138.95,66.11,73,100,2.28,overcast clouds
486,Eidfjord,NO,60.4675,7.0719,40.95,94,88,2.84,overcast clouds
487,Huescar,ES,37.811,-2.5412,54.12,62,8,1.57,clear sky
488,Asau,RO,46.4333,26.4,43.72,85,17,1.5,few clouds
489,Manzhouli,CN,49.6,117.4333,39.63,27,91,15.66,overcast clouds
490,Westerland,DE,54.9079,8.3033,44.62,100,40,3.44,scattered clouds
491,Belaya Gora,RU,68.5333,146.4167,31.71,100,100,7.34,light snow
492,Dhidhdhoo,MV,6.8833,73.1,83.39,74,100,7.67,moderate rain
493,Ormara,PK,25.2088,64.6357,80.17,76,0,6.82,clear sky
494,Yarmouth,US,41.7057,-70.2286,58.64,68,0,8.05,clear sky
495,Ures,MX,29.4333,-110.4,94.01,11,0,10.09,clear sky
496,Saint Anthony,US,45.0205,-93.218,66.83,41,100,5.75,overcast clouds
497,Rosario Oeste,BR,-14.8361,-56.4275,68.36,52,0,3.0,clear sky
498,Hammerfest,NO,70.6634,23.6821,37.85,81,40,3.44,scattered clouds
499,Varnamo,SE,57.186,14.04,42.31,96,43,5.23,scattered clouds
500,Pampa,US,35.5362,-100.9599,73.44,31,40,25.32,scattered clouds
501,Teya,RU,60.3778,92.6267,34.9,85,98,2.84,overcast clouds
502,Buinsk,RU,54.95,48.2833,32.13,68,0,7.2,clear sky
503,Qui Nhon,VN,13.7667,109.2333,76.19,90,100,5.68,overcast clouds
504,Arlit,NE,18.7369,7.3853,92.43,11,66,10.8,broken clouds
505,Fuxin,CN,42.0156,121.6589,54.72,32,99,14.63,overcast clouds
506,Souillac,MU,-20.5167,57.5167,75.58,88,75,17.27,light intensity shower rain
507,Lebedinyy,RU,58.5167,125.5167,26.55,94,100,14.79,snow
508,Margate,GB,51.3813,1.3862,53.69,78,84,1.99,broken clouds
509,Rock Sound,BS,24.9,-76.2,78.24,69,0,1.19,clear sky
510,Kitgum,UG,3.2783,32.8867,68.74,79,27,2.66,scattered clouds
511,Rio Gallegos,AR,-51.6226,-69.2181,51.85,46,40,16.11,scattered clouds
512,Ahipara,NZ,-35.1667,173.1667,66.88,63,20,7.63,few clouds
513,Malinyi,TZ,-8.9333,36.1333,69.91,95,89,1.12,light rain
514,Presidencia Roque Saenz Pena,AR,-26.7852,-60.4388,63.43,84,66,6.6,broken clouds
515,Hailar,CN,49.2,119.7,41.38,24,39,17.6,scattered clouds
516,Tsumeb,NA,-19.2333,17.7167,61.7,43,0,7.83,clear sky
517,Cherepanovo,RU,54.2222,83.381,43.38,44,79,4.29,broken clouds
518,Henties Bay,NA,-22.116,14.2845,65.97,61,0,4.94,clear sky
519,Hastings,GB,50.8552,0.5729,54.25,78,44,4.88,scattered clouds
520,Ron,IN,15.6667,75.7333,78.39,72,84,5.86,broken clouds
521,Puerto Narino,CO,-3.7703,-70.3831,72.7,97,81,2.28,heavy intensity rain
522,Villa Carlos Paz,AR,-31.4241,-64.4978,56.48,44,18,2.51,few clouds
523,Murzzuschlag,AT,47.6,15.6833,52.25,82,90,1.16,overcast clouds
524,Luena,AO,-11.7833,19.9167,61.07,76,71,3.83,broken clouds
525,Nagornyy,RU,52.7959,83.5498,47.8,43,97,0.36,overcast clouds
526,Sinegorye,RU,62.0788,150.477,32.74,82,100,8.72,overcast clouds
527,Nueva Germania,PY,-23.9,-56.5667,67.66,73,98,3.56,overcast clouds
528,Cosala,MX,24.4125,-106.6908,93.0,22,0,9.62,clear sky
529,Bastia,FR,42.6667,9.3333,57.0,92,75,4.61,light rain
530,General Roca,AR,-39.0333,-67.5833,64.62,40,7,8.34,clear sky
531,Kaseda,JP,31.4167,130.3167,67.48,89,100,12.91,overcast clouds
532,Fortuna,US,40.5982,-124.1573,61.14,87,100,14.97,overcast clouds
533,Biak,ID,-0.9131,122.8766,79.27,80,94,0.89,overcast clouds
534,Beidao,CN,34.5686,105.8933,58.95,79,0,3.49,clear sky
535,Imbituba,BR,-28.24,-48.6703,67.86,80,1,10.0,clear sky
536,Atar,MR,20.5169,-13.0499,83.8,13,2,6.71,clear sky
537,Monzon,ES,41.9108,0.1941,59.86,60,4,5.32,clear sky
538,Port Hardy,CA,50.6996,-127.4199,46.58,87,100,8.05,light rain
539,Doha,QA,25.2867,51.5333,89.58,37,0,5.75,clear sky
540,Neuquen,AR,-38.9516,-68.0591,60.69,55,0,0.0,clear sky
541,Dondo,MZ,-19.6094,34.7431,69.31,84,4,3.04,clear sky
542,Coari,BR,-4.085,-63.1414,75.45,97,22,2.19,few clouds
543,Zapolyarnyy,RU,69.4154,30.8136,31.28,98,99,6.73,light snow
544,Teyateyaneng,LS,-29.1472,27.7489,48.43,54,0,1.68,clear sky
545,Makakilo City,US,21.3469,-158.0858,82.72,56,40,19.57,scattered clouds
546,Ketou,BJ,7.3633,2.5998,77.81,85,95,5.48,overcast clouds
547,Palmas,BR,-10.2128,-48.3603,75.07,94,75,2.3,light rain
548,Mao,ES,39.8885,4.2658,61.36,67,0,17.27,clear sky
549,Gilgit,PK,35.9221,74.3087,65.44,63,98,1.5,overcast clouds
550,Deer Lake,CA,49.1667,-57.4316,40.86,81,75,6.91,broken clouds
551,Neustadt,DE,49.7117,12.0872,53.38,74,100,0.0,overcast clouds
552,Nouadhibou,MR,20.931,-17.0347,66.18,77,35,18.41,scattered clouds
553,Zeya,RU,53.75,127.2667,41.76,38,100,10.85,overcast clouds
554,Buraydah,SA,26.326,43.975,84.65,24,1,8.1,clear sky
555,Abu Dhabi,AE,24.4667,54.3667,82.51,63,0,4.61,clear sky
556,Stuttgart,DE,48.7823,9.177,56.57,88,20,4.61,light rain
557,Diapaga,BF,12.0708,1.7889,88.54,45,93,12.91,overcast clouds
558,Trincomalee,LK,8.5711,81.2335,80.22,85,93,10.83,overcast clouds
559,Tiarei,PF,-17.5333,-149.3333,80.62,80,69,10.47,broken clouds
560,Brae,GB,60.3964,-1.353,49.69,97,100,17.81,light rain
561,Brownsville,US,25.9018,-97.4975,91.38,62,0,21.85,clear sky
562,Nemuro,JP,43.3236,145.575,42.87,91,13,10.38,few clouds
563,Katima Mulilo,NA,-17.5,24.2667,61.14,55,3,2.68,clear sky
564,Corrales,US,35.2378,-106.6067,80.38,12,0,20.0,clear sky
565,Kudahuvadhoo,MV,2.6708,72.8944,83.17,71,100,9.6,overcast clouds
566,Pullman,US,46.7313,-117.1796,57.43,91,100,5.99,heavy intensity rain
567,Baie-Comeau,CA,49.2168,-68.1489,44.28,42,100,9.22,overcast clouds
568,Mettur,IN,11.8,77.8,77.9,82,99,4.47,overcast clouds
569,Ilo,PE,-17.6394,-71.3375,66.29,84,20,6.8,few clouds
570,Mandurah,AU,-32.55,115.7,52.92,59,0,17.18,clear sky
571,Parana,AR,-31.732,-60.5238,66.51,84,0,7.23,clear sky
572,Kropotkin,RU,45.4375,40.5756,50.56,98,100,11.56,light rain
573,Abu Samrah,SY,35.3029,37.1841,54.99,79,30,9.8,scattered clouds
574,Caruray,PH,10.3094,119.0128,81.93,81,86,4.21,overcast clouds
575,Prieska,ZA,-29.6641,22.7474,65.26,32,0,3.62,clear sky
576,Vozhega,RU,60.4725,40.2213,28.67,95,77,4.76,broken clouds
577,Barabai,ID,-2.5833,115.3833,75.4,94,63,1.63,broken clouds
578,Pokrovsk,UA,48.282,37.1758,43.56,63,100,12.37,overcast clouds
579,Victor Harbor,AU,-35.5667,138.6167,47.68,71,24,10.76,few clouds
580,Grindavik,IS,63.8424,-22.4338,39.15,81,40,18.41,scattered clouds
581,Galveston,US,29.3669,-94.9669,87.91,80,100,21.85,overcast clouds
582,Egvekinot,RU,66.3167,-179.1667,19.26,82,77,3.09,broken clouds
583,Carbondale,US,37.7273,-89.2168,65.05,88,75,9.22,broken clouds
584,Comodoro Rivadavia,AR,-45.8667,-67.5,58.86,33,0,16.11,clear sky
585,Labuhan,ID,-6.8844,112.2051,77.85,88,14,5.03,few clouds
586,Sechura,PE,-5.5569,-80.8222,71.69,68,74,17.63,broken clouds
587,Itirucu,BR,-13.5317,-40.1503,67.26,89,47,6.33,scattered clouds
588,Povenets,RU,62.8487,34.8262,34.27,94,100,5.21,light snow
589,Srednebelaya,RU,50.6594,128.0106,44.98,49,100,17.25,overcast clouds
590,Trairi,BR,-3.2778,-39.2689,77.14,85,80,8.75,broken clouds
591,Saint-Joseph,RE,-21.3667,55.6167,73.78,82,42,15.1,light rain
592,Matara,LK,5.9485,80.5353,79.09,86,96,10.96,heavy intensity rain
593,Lucea,JM,18.451,-78.1736,82.26,75,36,7.2,scattered clouds
594,Sangueya,GN,10.7,-14.3667,79.32,67,9,2.77,clear sky
595,Bria,CF,6.5423,21.9863,72.41,82,100,3.06,overcast clouds
596,Puerto Ayacucho,VE,5.6639,-67.6236,77.81,87,84,3.33,light rain
597,La Gomera,GT,14.0833,-91.05,91.11,69,100,5.01,overcast clouds
598,Seydi,TM,39.4816,62.9137,74.95,37,0,7.56,clear sky
599,Manicore,BR,-5.8092,-61.3003,74.91,98,82,1.72,broken clouds
600,Jablanica,BA,43.6603,17.7617,53.67,79,77,2.04,broken clouds
601,Meadow Lake,US,34.8014,-106.5436,78.73,12,0,18.21,clear sky
602,Xuddur,SO,4.1213,43.8894,74.59,80,19,13.4,few clouds
603,Saint-Pierre,RE,-21.3393,55.4781,74.88,83,20,25.32,few clouds
604,Kochubey,RU,44.3861,46.5825,55.71,91,100,19.39,light rain
605,Tacuarembo,UY,-31.7333,-55.9833,55.18,85,46,3.04,scattered clouds
606,Sembe,CG,1.6481,14.5806,71.55,99,100,1.3,moderate rain
607,Laredo,US,27.5064,-99.5075,95.25,52,0,6.91,clear sky
608,Monywa,MM,22.1167,95.1333,80.67,63,28,5.46,scattered clouds
609,Tautira,PF,-17.7333,-149.15,81.21,78,86,11.12,light rain
610,Jiayuguan,CN,39.8167,98.3,54.12,28,94,5.35,overcast clouds
611,Cagliliog,PH,13.9016,123.2913,81.19,79,58,3.2,broken clouds
612,Saint-Georges,GD,12.0564,-61.7485,82.08,74,20,20.71,few clouds
613,Lethem,GY,3.3803,-59.7968,82.42,70,66,7.29,broken clouds
614,Kang,BW,-23.6752,22.7876,61.86,38,5,4.88,clear sky
615,Bouna,CI,9.2667,-3.0,81.82,60,97,4.7,overcast clouds
616,La Rioja,ES,42.25,-2.5,40.78,94,45,4.0,scattered clouds
617,Mansfield,GB,53.1333,-1.2,56.59,84,48,3.53,scattered clouds
618,Bulalacao,PH,12.3254,121.3435,82.56,74,46,13.29,scattered clouds
619,Popondetta,PG,-8.7537,148.2534,82.44,71,77,0.69,broken clouds
620,Takoradi,GH,4.8845,-1.7554,80.91,83,35,8.03,scattered clouds
621,Uige,AO,-7.6087,15.0613,68.58,77,61,3.36,broken clouds
622,Mandera,KE,3.9366,41.867,79.97,67,41,8.9,scattered clouds
623,Atasu,KZ,48.6814,71.6433,51.13,60,0,3.65,clear sky
624,Ferkessedougou,CI,9.6,-5.2,83.12,52,42,5.75,scattered clouds
625,Kamenka,RU,51.3223,42.7678,37.53,64,90,6.96,overcast clouds
626,Svay Rieng,KH,11.0879,105.7993,78.96,89,97,5.64,overcast clouds
627,Zaranj,AF,30.9667,61.8833,81.64,13,0,7.14,clear sky
628,Changli,CN,39.7042,119.1506,59.58,47,100,16.11,heavy intensity rain
629,Potiskum,NG,11.7091,11.0694,91.96,30,100,6.87,overcast clouds
630,Saint-Louis,SN,16.3333,-15.0,92.84,21,2,14.05,clear sky
631,Ahuimanu,US,21.4447,-157.8378,83.91,70,75,19.57,broken clouds
632,Dalhousie,IN,32.5333,75.9833,55.47,47,5,8.52,clear sky
633,Khandbari,NP,27.3747,87.2039,68.67,79,91,1.52,overcast clouds
634,Cervo,ES,43.6702,-7.4101,57.96,89,27,10.67,scattered clouds
635,Altay,CN,47.8667,88.1167,55.63,60,100,3.65,overcast clouds
636,Jalu,LY,29.0331,21.5482,72.1,26,12,9.84,few clouds
637,Khorixas,NA,-20.3667,14.9667,66.52,32,0,2.93,clear sky
638,Ambilobe,MG,-13.2,49.05,70.16,92,44,2.95,scattered clouds
639,Kande,TG,9.9578,1.0447,78.93,76,95,3.56,overcast clouds
640,Palmas Bellas,PA,9.2319,-80.0867,79.0,86,100,5.91,overcast clouds
641,Moindou,NC,-21.6924,165.677,77.16,72,7,5.68,clear sky
642,Aswan,EG,24.0934,32.907,76.3,16,0,6.91,clear sky
643,Beringovskiy,RU,63.05,179.3167,27.88,73,16,1.3,few clouds
644,Ulladulla,AU,-35.35,150.4667,52.7,51,0,10.74,clear sky
645,Gimli,CA,50.6336,-96.9907,51.82,62,37,13.8,scattered clouds
646,Sabang,ID,5.8933,95.3214,81.93,79,96,21.43,light rain
647,Hualmay,PE,-11.0964,-77.6139,65.75,86,16,10.38,few clouds
648,Porto Murtinho,BR,-21.6989,-57.8825,66.69,65,0,4.47,clear sky
649,Conselheiro Lafaiete,BR,-20.6603,-43.7861,60.93,88,57,2.75,broken clouds
650,Barra Do Garcas,BR,-15.89,-52.2567,73.18,54,0,4.63,clear sky
651,Wad Rawah,SD,15.1603,33.1397,96.53,19,41,5.95,scattered clouds
652,Lugovoy,KZ,42.9472,72.7644,55.26,72,64,4.72,broken clouds
653,Smithers,CA,54.7804,-127.1743,50.32,43,75,4.61,broken clouds
654,Flic En Flac,MU,-20.2742,57.3631,76.51,81,29,18.39,scattered clouds
655,Vanavara,RU,60.34,102.2797,35.78,79,100,4.9,overcast clouds
656,Cairns,AU,-16.9167,145.7667,79.07,83,15,10.36,few clouds
657,Espanola,US,35.9911,-106.0806,76.71,10,0,3.0,clear sky
658,Vostok,RU,46.4856,135.8833,61.23,45,92,8.61,overcast clouds
659,Caldwell,US,43.6629,-116.6874,71.74,32,100,12.66,overcast clouds
660,Salinopolis,BR,-0.6136,-47.3561,78.67,86,97,6.02,moderate rain
661,Nantucket,US,41.2835,-70.0995,55.54,72,0,6.91,clear sky
662,Maningrida,AU,-12.0667,134.2667,79.59,74,27,13.69,scattered clouds
663,Hobyo,SO,5.3505,48.5268,82.8,81,1,22.3,clear sky
664,Nishihara,JP,26.1842,127.7558,72.68,97,75,6.91,broken clouds
665,Victoria Point,AU,-27.5833,153.3,71.91,93,97,4.0,light rain
666,Nyurba,RU,63.2842,118.3319,34.2,96,100,7.38,overcast clouds
667,Tabou,CI,4.423,-7.3528,80.92,85,74,7.25,broken clouds
668,Suez,EG,29.9737,32.5263,58.96,71,0,7.23,clear sky
669,Chapada Dos Guimaraes,BR,-15.4606,-55.7497,64.06,44,1,2.39,clear sky
670,Jatai,BR,-17.8814,-51.7144,64.11,65,3,3.38,clear sky
671,Bar Harbor,US,44.3876,-68.2039,62.74,23,0,11.5,clear sky
672,Port Moresby,PG,-9.4431,147.1797,78.22,94,40,5.75,scattered clouds
673,Livingstone,ZM,-17.8419,25.8543,60.6,71,17,2.13,few clouds
674,Kalabo,ZM,-14.97,22.6814,66.4,60,42,3.13,scattered clouds
675,Leticia,CO,-4.2153,-69.9406,78.85,89,40,4.61,scattered clouds
676,Zonguldak,TR,41.25,31.8333,42.06,94,47,3.24,scattered clouds
677,Kozhva,RU,65.1073,57.0459,24.01,90,62,5.03,broken clouds
678,Oktyabrskoye,RU,43.0645,44.7417,46.54,93,100,11.18,light rain
679,Blackfoot,US,43.1905,-112.345,70.05,43,100,20.89,overcast clouds
680,Palu,ID,-0.8917,119.8707,78.69,91,87,2.35,overcast clouds
681,Haines Junction,CA,60.7522,-137.5108,48.15,34,100,10.36,overcast clouds
682,Bengbu,CN,32.9408,117.3608,66.94,67,21,6.82,few clouds
683,Muramvya,BI,-3.2682,29.6079,58.48,92,60,0.92,broken clouds
